{"cameraMode":{"drawMode":0,"name":"Shaded","section":"Shading Mode"},"sceneLighting":true,"audioPlay":false,"sceneViewState":{"showFog":true,"showMaterialUpdate":false,"showSkybox":true,"showFlares":true,"showImageEffects":true,"showParticleSystems":true},"in2DMode":false,"pivot":{"x":-6.06767463684082,"y":6.814992427825928,"z":0.4232160449028015},"rotation":{"x":0.08487570285797119,"y":-0.6688263416290283,"z":0.07401498407125473,"w":0.735137939453125},"size":6.757106781005859,"orthographic":false}